,epoch,train_loss,val_loss
0,1,13.032041520841661,4.587589709989486
1,2,4.492754911222765,4.4002749766072915
2,3,4.2029373386213855,3.9756899726006294
3,4,3.9155193586503305,3.8735079150046072
4,5,3.821352061725432,3.770937023624297
5,6,3.747959848373167,3.714282701092382
6,7,3.6766579208835477,3.615613179822122
7,8,3.580383776657043,3.5212078825120003
8,9,3.4764608933079626,3.3966939064764206
